unitid,what,when,who,what,when,who,what,when,who
431,création,2019-05,LL,,,,,,
432,création,2019-03,JH,,,,,,
433,création,2019-03,LL,,,,,,
434,création,2019-04,JH,,,,,,
435,création,2019-05,LL,,,,,,
479,création,2020-02,JH,,,,,,
480,création,2020-02,LL,,,,,,
481,création,2020-03,JH,,,,,,
482,création,2020-02,JH,,,,,,
483,création,2020-04,LL,,,,,,
484,création,2020-12,JH,,,,,,
524,création,2020-03,LL,,,,,,
526,création,2020-04,LL,,,,,,
527,création,2020-12,JH,,,,,,
528,création,2020-12/2021-01,JH,,,,,,
578,création,2017,RB,rétroconversion,2020-10,JH,,,
579,création,2017,RB,rétroconversion,2020-10,JH,,,
580,création,2017,RB,rétroconversion,2020-10,JH,,,
581,création,2017,LL,rétroconversion,2020-11,JH,,,
582,création,2017,LL,rétroconversion,2020-11,JH,,,
583,création,2017,RB,rétroconversion,2020-11,JH,,,
584,création,2017,LL,rétroconversion,2020-11,JH,,,
827,création,2019-06,LL,,,,,,
828,création,2019-05,JH,,,,,,
829,création,2019-06,LL,,,,,,
830,création,2019-06,JH,,,,,,
831,création,2019-07,LL,,,,,,
832-1,création,2019-07,LL,,,,,,
832-2,création,2019-07,JH,,,,,,
833-1,création,2019-07,JH,,,,,,
833-2,création,2019-09,JH,,,,,,
899,création,2019-10,LL,,,,,,
900,création,2019-09,LL,,,,,,
901,création,2019-12,JH,,,,,,
902,création,2019-12,JH,,,,,,
903-1,création,2020-01,JH,,,,,,
903-2,création,2020-01,JH,,,,,,
904,création,2019-12,LL,,,,,,
905,création,2020-01,JH,,,,,,
906,création,2020-01,LL,,,,,,
999,création,2016/2017,LRT,révision,2017,JH,rétroconversion,2019-06,LL
1000,création,2017,PC,rétroconversion,2020-09,JH,,,
1001,création,2017,JH,rétroconversion,2020-06,LL,,,
1002,création,2017,JH,rétroconversion,2020-06,LL,,,
1003,création,2017,JH,rétroconversion,2020-07,LL,,,
1004,création,2017,JH,rétroconversion,2020-07,LL,,,
1005,création,2017,JH,rétroconversion,2020-07,LL,,,
1006,création,2017,LL,rétroconversion,2020-09,JH,,,
1007,création,2017,JH,rétroconversion,2020-08,LL,,,
1008,création,2017,PC,rétroconversion,2020-09,JH,,,
1009,création,2017,JH,rétroconversion,2020-08,LL,,,
1010,création,2017,LL,rétroconversion,2020-09,JH,,,
